,address,kbytes,rss,dirty,mode,mapping
0,00000000e8000000,277504,277504,277504,rw---,[ anon ]
1,00000000f8f00000,101376,0,0,-----,[ anon ]
2,00000000ff200000,12288,12120,12120,rw---,[ anon ]
3,00000000ffe00000,1076,1072,468,rw---,classes.jsa
4,00000000fff0d000,972,972,972,rw---,[ anon ]
5,0000558cecda6000,4,4,0,r----,java
6,0000558cecda7000,4,4,0,r-x--,java
7,0000558cecda8000,4,4,0,r----,java
8,0000558cecda9000,4,0,0,r----,java
9,0000558cecdaa000,4,0,0,rw---,java
10,0000558cedf56000,8020,6364,6364,rw---,[ anon ]
11,00007f2d46ae4000,51220,51220,51220,rw---,[ anon ]
12,00007f2d49ce9000,4,0,0,-----,[ anon ]
13,00007f2d49cea000,16,0,0,-----,[ anon ]
14,00007f2d49cee000,1008,24,24,rw---,[ anon ]
15,00007f2d49ded000,10244,10244,10244,rw---,[ anon ]
16,00007f2d4a7ee000,4,0,0,-----,[ anon ]
17,00007f2d4a7ef000,16,0,0,-----,[ anon ]
18,00007f2d4a7f3000,1008,92,92,rw---,[ anon ]
19,00007f2d4ab70000,4,0,0,-----,[ anon ]
20,00007f2d4ab71000,16,0,0,-----,[ anon ]
21,00007f2d4ab75000,1008,24,24,rw---,[ anon ]
22,00007f2d4adf1000,4,0,0,-----,[ anon ]
23,00007f2d4adf2000,16,0,0,-----,[ anon ]
24,00007f2d4adf6000,1008,24,24,rw---,[ anon ]
25,00007f2d4b173000,2564,2564,2564,rw---,[ anon ]
26,00007f2d4b3f4000,4,0,0,-----,[ anon ]
27,00007f2d4b3f5000,16,0,0,-----,[ anon ]
28,00007f2d4b3f9000,1008,24,24,rw---,[ anon ]
29,00007f2d4b4f5000,4,0,0,-----,[ anon ]
30,00007f2d4b4f6000,16,0,0,-----,[ anon ]
31,00007f2d4b4fa000,1008,92,92,rw---,[ anon ]
32,00007f2d4b5f6000,4,0,0,-----,[ anon ]
33,00007f2d4b5f7000,16,0,0,-----,[ anon ]
34,00007f2d4b5fb000,1008,112,112,rw---,[ anon ]
35,00007f2d4b6f7000,4,0,0,-----,[ anon ]
36,00007f2d4b6f8000,16,0,0,-----,[ anon ]
37,00007f2d4b6fc000,1008,104,104,rw---,[ anon ]
38,00007f2d4b7f8000,4,0,0,-----,[ anon ]
39,00007f2d4b7f9000,16,0,0,-----,[ anon ]
40,00007f2d4b7fd000,1008,88,88,rw---,[ anon ]
41,00007f2d4b8f9000,4,0,0,-----,[ anon ]
42,00007f2d4b8fa000,16,0,0,-----,[ anon ]
43,00007f2d4b8fe000,1008,24,24,rw---,[ anon ]
44,00007f2d4b9fa000,4,0,0,-----,[ anon ]
45,00007f2d4b9fb000,16,0,0,-----,[ anon ]
46,00007f2d4b9ff000,1008,92,92,rw---,[ anon ]
47,00007f2d4bafb000,4,0,0,-----,[ anon ]
48,00007f2d4bafc000,16,0,0,-----,[ anon ]
49,00007f2d4bb00000,1008,108,108,rw---,[ anon ]
50,00007f2d4bbfc000,4,0,0,-----,[ anon ]
51,00007f2d4bbfd000,16,0,0,-----,[ anon ]
52,00007f2d4bc01000,1008,88,88,rw---,[ anon ]
53,00007f2d4bcfd000,4,0,0,-----,[ anon ]
54,00007f2d4bcfe000,16,0,0,-----,[ anon ]
55,00007f2d4bd02000,1008,88,88,rw---,[ anon ]
56,00007f2d4bdfe000,4,0,0,-----,[ anon ]
57,00007f2d4bdff000,16,0,0,-----,[ anon ]
58,00007f2d4be03000,1008,88,88,rw---,[ anon ]
59,00007f2d4beff000,4,0,0,-----,[ anon ]
60,00007f2d4bf00000,16,0,0,-----,[ anon ]
61,00007f2d4bf04000,1008,88,88,rw---,[ anon ]
62,00007f2d4c000000,8592,8484,8484,rw---,[ anon ]
63,00007f2d4c864000,56944,0,0,-----,[ anon ]
64,00007f2d50000000,14984,14852,14852,rw---,[ anon ]
65,00007f2d50ea2000,50552,0,0,-----,[ anon ]
66,00007f2d54000000,13312,13312,13312,rw---,[ anon ]
67,00007f2d54d00000,1024,1024,1024,rw---,[ anon ]
68,00007f2d54e00000,1024,1024,1024,rw---,[ anon ]
69,00007f2d54f00000,1920,1920,1920,rw---,[ anon ]
70,00007f2d550e0000,128,128,128,rw---,[ anon ]
71,00007f2d55100000,2048,2048,2048,rw---,[ anon ]
72,00007f2d55300000,1024,1024,1024,rw---,[ anon ]
73,00007f2d55400000,7168,7160,7160,rw---,[ anon ]
74,00007f2d55b00000,1024,1024,1024,rw---,[ anon ]
75,00007f2d55c00000,5632,5632,5632,rw---,[ anon ]
76,00007f2d56180000,512,480,480,rw---,[ anon ]
77,00007f2d56200000,4352,4352,4352,rw---,[ anon ]
78,00007f2d56640000,26368,0,0,-----,[ anon ]
79,00007f2d58000000,23208,21992,21992,rw---,[ anon ]
80,00007f2d596aa000,42328,0,0,-----,[ anon ]
81,00007f2d5c000000,13052,12764,12764,rw---,[ anon ]
82,00007f2d5ccbf000,52484,0,0,-----,[ anon ]
83,00007f2d60000000,25292,25160,25160,rw---,[ anon ]
84,00007f2d618b3000,40244,0,0,-----,[ anon ]
85,00007f2d64000000,17512,11296,11296,rw---,[ anon ]
86,00007f2d6511a000,48024,0,0,-----,[ anon ]
87,00007f2d68000000,7716,6736,6736,rw---,[ anon ]
88,00007f2d68789000,57820,0,0,-----,[ anon ]
89,00007f2d6c000000,3264,2236,2236,rw---,[ anon ]
90,00007f2d6c330000,62272,0,0,-----,[ anon ]
91,00007f2d70000000,11304,6244,6244,rw---,[ anon ]
92,00007f2d70b0a000,54232,0,0,-----,[ anon ]
93,00007f2d74000000,5056,4736,4736,rw---,[ anon ]
94,00007f2d744f0000,60480,0,0,-----,[ anon ]
95,00007f2d78000000,3836,3268,3268,rw---,[ anon ]
96,00007f2d783bf000,61700,0,0,-----,[ anon ]
97,00007f2d7c000000,328,328,328,rw---,[ anon ]
98,00007f2d7c052000,65208,0,0,-----,[ anon ]
99,00007f2d80000000,992,984,984,rw---,[ anon ]
100,00007f2d800f8000,64544,0,0,-----,[ anon ]
101,00007f2d84000000,16748,16668,16668,rw---,[ anon ]
102,00007f2d8505b000,48788,0,0,-----,[ anon ]
103,00007f2d88000000,9724,7172,7172,rw---,[ anon ]
104,00007f2d8897f000,55812,0,0,-----,[ anon ]
105,00007f2d8c000000,38832,36120,36120,rw---,[ anon ]
106,00007f2d8e5ec000,26704,0,0,-----,[ anon ]
107,00007f2d90000000,37832,34968,34968,rw---,[ anon ]
108,00007f2d924f2000,27704,0,0,-----,[ anon ]
109,00007f2d94000000,3540,2888,2888,rw---,[ anon ]
110,00007f2d94375000,61996,0,0,-----,[ anon ]
111,00007f2d98000000,11436,7908,7908,rw---,[ anon ]
112,00007f2d98b2b000,54100,0,0,-----,[ anon ]
113,00007f2d9c000000,51484,44268,44268,rw---,[ anon ]
114,00007f2d9f247000,14052,0,0,-----,[ anon ]
115,00007f2da0000000,6896,4680,4680,rw---,[ anon ]
116,00007f2da06bc000,58640,0,0,-----,[ anon ]
117,00007f2da4000000,12188,8596,8596,rw---,[ anon ]
118,00007f2da4be7000,53348,0,0,-----,[ anon ]
119,00007f2da8000000,8152,6496,6496,rw---,[ anon ]
120,00007f2da87f6000,57384,0,0,-----,[ anon ]
121,00007f2dac000000,6356,5432,5432,rw---,[ anon ]
122,00007f2dac635000,59180,0,0,-----,[ anon ]
123,00007f2db0000000,12528,5592,5592,rw---,[ anon ]
124,00007f2db0c3c000,53008,0,0,-----,[ anon ]
125,00007f2db40d1000,4,0,0,-----,[ anon ]
126,00007f2db40d2000,16,0,0,-----,[ anon ]
127,00007f2db40d6000,1008,88,88,rw---,[ anon ]
128,00007f2db41d2000,4,0,0,-----,[ anon ]
129,00007f2db41d3000,16,0,0,-----,[ anon ]
130,00007f2db41d7000,1008,112,112,rw---,[ anon ]
131,00007f2db42d3000,4,0,0,-----,[ anon ]
132,00007f2db42d4000,16,0,0,-----,[ anon ]
133,00007f2db42d8000,1008,24,24,rw---,[ anon ]
134,00007f2db43d4000,4,0,0,-----,[ anon ]
135,00007f2db43d5000,16,0,0,-----,[ anon ]
136,00007f2db43d9000,1008,24,24,rw---,[ anon ]
137,00007f2db44d5000,4,0,0,-----,[ anon ]
138,00007f2db44d6000,16,0,0,-----,[ anon ]
139,00007f2db44da000,1008,24,24,rw---,[ anon ]
140,00007f2db45d6000,4,0,0,-----,[ anon ]
141,00007f2db45d7000,16,0,0,-----,[ anon ]
142,00007f2db45db000,1008,112,112,rw---,[ anon ]
143,00007f2db46d7000,4,0,0,-----,[ anon ]
144,00007f2db46d8000,16,0,0,-----,[ anon ]
145,00007f2db46dc000,1008,92,92,rw---,[ anon ]
146,00007f2db47d8000,4,0,0,-----,[ anon ]
147,00007f2db47d9000,16,0,0,-----,[ anon ]
148,00007f2db47dd000,1008,88,88,rw---,[ anon ]
149,00007f2db48d9000,4,0,0,-----,[ anon ]
150,00007f2db48da000,16,0,0,-----,[ anon ]
151,00007f2db48de000,1008,88,88,rw---,[ anon ]
152,00007f2db49da000,4,0,0,-----,[ anon ]
153,00007f2db49db000,16,0,0,-----,[ anon ]
154,00007f2db49df000,1008,88,88,rw---,[ anon ]
155,00007f2db4adb000,4,0,0,-----,[ anon ]
156,00007f2db4adc000,16,0,0,-----,[ anon ]
157,00007f2db4ae0000,1008,88,88,rw---,[ anon ]
158,00007f2db4bdc000,4,0,0,-----,[ anon ]
159,00007f2db4bdd000,16,0,0,-----,[ anon ]
160,00007f2db4be1000,1008,88,88,rw---,[ anon ]
161,00007f2db4cdd000,4,0,0,-----,[ anon ]
162,00007f2db4cde000,16,0,0,-----,[ anon ]
163,00007f2db4ce2000,1008,88,88,rw---,[ anon ]
164,00007f2db4dde000,4,0,0,-----,[ anon ]
165,00007f2db4ddf000,16,0,0,-----,[ anon ]
166,00007f2db4de3000,1008,92,92,rw---,[ anon ]
167,00007f2db4edf000,4,0,0,-----,[ anon ]
168,00007f2db4ee0000,16,0,0,-----,[ anon ]
169,00007f2db4ee4000,1008,92,92,rw---,[ anon ]
170,00007f2db4fe0000,4,0,0,-----,[ anon ]
171,00007f2db4fe1000,16,0,0,-----,[ anon ]
172,00007f2db4fe5000,1008,88,88,rw---,[ anon ]
173,00007f2db50e1000,4,0,0,-----,[ anon ]
174,00007f2db50e2000,16,0,0,-----,[ anon ]
175,00007f2db50e6000,1008,88,88,rw---,[ anon ]
176,00007f2db51e2000,4,0,0,-----,[ anon ]
177,00007f2db51e3000,16,0,0,-----,[ anon ]
178,00007f2db51e7000,1008,88,88,rw---,[ anon ]
179,00007f2db52e3000,4,0,0,-----,[ anon ]
180,00007f2db52e4000,16,0,0,-----,[ anon ]
181,00007f2db52e8000,1008,88,88,rw---,[ anon ]
182,00007f2db53e4000,4,0,0,-----,[ anon ]
183,00007f2db53e5000,16,0,0,-----,[ anon ]
184,00007f2db53e9000,1008,88,88,rw---,[ anon ]
185,00007f2db54e5000,4,0,0,-----,[ anon ]
186,00007f2db54e6000,16,0,0,-----,[ anon ]
187,00007f2db54ea000,1008,88,88,rw---,[ anon ]
188,00007f2db55e6000,4,0,0,-----,[ anon ]
189,00007f2db55e7000,16,0,0,-----,[ anon ]
190,00007f2db55eb000,1008,88,88,rw---,[ anon ]
191,00007f2db56e7000,4,0,0,-----,[ anon ]
192,00007f2db56e8000,16,0,0,-----,[ anon ]
193,00007f2db56ec000,1008,88,88,rw---,[ anon ]
194,00007f2db57e8000,4,0,0,-----,[ anon ]
195,00007f2db57e9000,16,0,0,-----,[ anon ]
196,00007f2db57ed000,1008,92,92,rw---,[ anon ]
197,00007f2db58e9000,4,0,0,-----,[ anon ]
198,00007f2db58ea000,16,0,0,-----,[ anon ]
199,00007f2db58ee000,1008,100,100,rw---,[ anon ]
200,00007f2db59ea000,4,0,0,-----,[ anon ]
201,00007f2db59eb000,16,0,0,-----,[ anon ]
202,00007f2db59ef000,1008,88,88,rw---,[ anon ]
203,00007f2db5aeb000,4,0,0,-----,[ anon ]
204,00007f2db5aec000,16,0,0,-----,[ anon ]
205,00007f2db5af0000,1008,88,88,rw---,[ anon ]
206,00007f2db5bec000,4,0,0,-----,[ anon ]
207,00007f2db5bed000,16,0,0,-----,[ anon ]
208,00007f2db5bf1000,1008,96,96,rw---,[ anon ]
209,00007f2db5ced000,4,0,0,-----,[ anon ]
210,00007f2db5cee000,16,0,0,-----,[ anon ]
211,00007f2db5cf2000,1008,88,88,rw---,[ anon ]
212,00007f2db5dee000,4,0,0,-----,[ anon ]
213,00007f2db5def000,16,0,0,-----,[ anon ]
214,00007f2db5df3000,1008,88,88,rw---,[ anon ]
215,00007f2db5eef000,4,0,0,-----,[ anon ]
216,00007f2db5ef0000,16,0,0,-----,[ anon ]
217,00007f2db5ef4000,1008,24,24,rw---,[ anon ]
218,00007f2db5ff0000,4,0,0,-----,[ anon ]
219,00007f2db5ff1000,16,0,0,-----,[ anon ]
220,00007f2db5ff5000,1008,92,92,rw---,[ anon ]
221,00007f2db60f1000,4,0,0,-----,[ anon ]
222,00007f2db60f2000,16,0,0,-----,[ anon ]
223,00007f2db60f6000,1008,88,88,rw---,[ anon ]
224,00007f2db61f2000,4,0,0,-----,[ anon ]
225,00007f2db61f3000,16,0,0,-----,[ anon ]
226,00007f2db61f7000,1008,92,92,rw---,[ anon ]
227,00007f2db62f3000,4,0,0,-----,[ anon ]
228,00007f2db62f4000,16,0,0,-----,[ anon ]
229,00007f2db62f8000,1008,100,100,rw---,[ anon ]
230,00007f2db63f4000,4,0,0,-----,[ anon ]
231,00007f2db63f5000,16,0,0,-----,[ anon ]
232,00007f2db63f9000,1008,88,88,rw---,[ anon ]
233,00007f2db64f5000,4,0,0,-----,[ anon ]
234,00007f2db64f6000,16,0,0,-----,[ anon ]
235,00007f2db64fa000,1008,88,88,rw---,[ anon ]
236,00007f2db65f6000,4,0,0,-----,[ anon ]
237,00007f2db65f7000,16,0,0,-----,[ anon ]
238,00007f2db65fb000,1008,88,88,rw---,[ anon ]
239,00007f2db66f7000,4,0,0,-----,[ anon ]
240,00007f2db66f8000,16,0,0,-----,[ anon ]
241,00007f2db66fc000,1008,88,88,rw---,[ anon ]
242,00007f2db67f8000,4,0,0,-----,[ anon ]
243,00007f2db67f9000,16,0,0,-----,[ anon ]
244,00007f2db67fd000,1008,88,88,rw---,[ anon ]
245,00007f2db68f9000,4,0,0,-----,[ anon ]
246,00007f2db68fa000,16,0,0,-----,[ anon ]
247,00007f2db68fe000,1008,88,88,rw---,[ anon ]
248,00007f2db69fa000,4,0,0,-----,[ anon ]
249,00007f2db69fb000,16,0,0,-----,[ anon ]
250,00007f2db69ff000,1008,24,24,rw---,[ anon ]
251,00007f2db6afb000,4,0,0,-----,[ anon ]
252,00007f2db6afc000,16,0,0,-----,[ anon ]
253,00007f2db6b00000,1008,108,108,rw---,[ anon ]
254,00007f2db6bfc000,4,0,0,-----,[ anon ]
255,00007f2db6bfd000,16,0,0,-----,[ anon ]
256,00007f2db6c01000,1008,100,100,rw---,[ anon ]
257,00007f2db6cfd000,4,0,0,-----,[ anon ]
258,00007f2db6cfe000,16,0,0,-----,[ anon ]
259,00007f2db6d02000,1008,108,108,rw---,[ anon ]
260,00007f2db6dfe000,4,0,0,-----,[ anon ]
261,00007f2db6dff000,16,0,0,-----,[ anon ]
262,00007f2db6e03000,1008,112,112,rw---,[ anon ]
263,00007f2db6eff000,4,0,0,-----,[ anon ]
264,00007f2db6f00000,16,0,0,-----,[ anon ]
265,00007f2db6f04000,5104,4208,4200,rw---,[ anon ]
266,00007f2db7400000,512,512,512,rw---,[ anon ]
267,00007f2db7480000,512,512,512,rw---,[ anon ]
268,00007f2db7500000,2048,2048,2048,rw---,[ anon ]
269,00007f2db7700000,1024,1024,1024,rw---,[ anon ]
270,00007f2db7800000,3072,3072,3072,rw---,[ anon ]
271,00007f2db7b00000,1024,1024,1024,rw---,[ anon ]
272,00007f2db7c00000,7936,7936,7936,rw---,[ anon ]
273,00007f2db83c0000,256,256,256,rw---,[ anon ]
274,00007f2db8400000,1536,1536,1536,rw---,[ anon ]
275,00007f2db8580000,512,512,512,rw---,[ anon ]
276,00007f2db8600000,9216,9216,9216,rw---,[ anon ]
277,00007f2db8f00000,1024,1024,1024,rw---,[ anon ]
278,00007f2db9000000,21504,21504,21504,rw---,[ anon ]
279,00007f2dba500000,1024,1024,1024,rw---,[ anon ]
280,00007f2dba600000,10240,10240,10240,rw---,[ anon ]
281,00007f2dbb000000,12924,12368,10164,rw---,classes.jsa
282,00007f2dbbc9f000,3460,0,0,-----,[ anon ]
283,00007f2dbc000000,128,128,128,rw---,[ anon ]
284,00007f2dbc020000,128,128,128,rw---,[ anon ]
285,00007f2dbc040000,512,512,512,rw---,[ anon ]
286,00007f2dbc0c0000,2048,2040,2040,rw---,[ anon ]
287,00007f2dbc2c0000,256,256,256,rw---,[ anon ]
288,00007f2dbc300000,6912,6912,6912,rw---,[ anon ]
289,00007f2dbc9c0000,256,256,256,rw---,[ anon ]
290,00007f2dbca00000,2816,2816,2816,rw---,[ anon ]
291,00007f2dbccc0000,256,248,248,rw---,[ anon ]
292,00007f2dbcd00000,2304,2232,2232,rw---,[ anon ]
293,00007f2dbcf40000,1032960,0,0,-----,[ anon ]
294,00007f2dfc000000,5852,5180,5180,rw---,[ anon ]
295,00007f2dfc5b7000,59684,0,0,-----,[ anon ]
296,00007f2e00000000,11364,8116,8116,rw---,[ anon ]
297,00007f2e00b19000,54172,0,0,-----,[ anon ]
298,00007f2e04000000,15804,10668,10668,rw---,[ anon ]
299,00007f2e04f6f000,49732,0,0,-----,[ anon ]
300,00007f2e080fd000,4,0,0,-----,[ anon ]
301,00007f2e080fe000,16,0,0,-----,[ anon ]
302,00007f2e08102000,1008,132,132,rw---,[ anon ]
303,00007f2e081fe000,4,0,0,-----,[ anon ]
304,00007f2e081ff000,16,0,0,-----,[ anon ]
305,00007f2e08203000,1008,136,136,rw---,[ anon ]
306,00007f2e082ff000,4,0,0,-----,[ anon ]
307,00007f2e08300000,16,0,0,-----,[ anon ]
308,00007f2e08304000,1008,136,136,rw---,[ anon ]
309,00007f2e08400000,72,64,0,r-x--,libnetty_transport_native_epoll_x86_646237000455879694593.so (deleted)
310,00007f2e08412000,2048,0,0,-----,libnetty_transport_native_epoll_x86_646237000455879694593.so (deleted)
311,00007f2e08612000,8,8,8,r----,libnetty_transport_native_epoll_x86_646237000455879694593.so (deleted)
312,00007f2e08614000,4,4,4,rw---,[ anon ]
313,00007f2e08618000,4,4,0,r----,librt.so.1
314,00007f2e08619000,4,4,0,r-x--,librt.so.1
315,00007f2e0861a000,4,0,0,r----,librt.so.1
316,00007f2e0861b000,4,4,4,r----,librt.so.1
317,00007f2e0861c000,4,4,4,rw---,librt.so.1
318,00007f2e0861d000,4,4,0,r----,libdl.so.2
319,00007f2e0861e000,4,4,0,r-x--,libdl.so.2
320,00007f2e0861f000,4,0,0,r----,libdl.so.2
321,00007f2e08620000,4,4,4,r----,libdl.so.2
322,00007f2e08621000,4,4,4,rw---,libdl.so.2
323,00007f2e08622000,4,0,0,-----,[ anon ]
324,00007f2e08623000,16,0,0,-----,[ anon ]
325,00007f2e08627000,1008,112,112,rw---,[ anon ]
326,00007f2e08723000,16,16,0,r----,libverify.so
327,00007f2e08727000,28,28,0,r-x--,libverify.so
328,00007f2e0872e000,8,8,0,r----,libverify.so
329,00007f2e08730000,8,8,8,r----,libverify.so
330,00007f2e08732000,4,4,4,rw---,libverify.so
331,00007f2e08733000,4,0,0,-----,[ anon ]
332,00007f2e08734000,16,0,0,-----,[ anon ]
333,00007f2e08738000,1008,88,88,rw---,[ anon ]
334,00007f2e08834000,4,0,0,-----,[ anon ]
335,00007f2e08835000,16,0,0,-----,[ anon ]
336,00007f2e08839000,1008,96,96,rw---,[ anon ]
337,00007f2e08935000,16,16,0,r----,libnss_resolve.so.2
338,00007f2e08939000,100,48,0,r-x--,libnss_resolve.so.2
339,00007f2e08952000,32,8,0,r----,libnss_resolve.so.2
340,00007f2e0895a000,4,4,4,r----,libnss_resolve.so.2
341,00007f2e0895b000,4,4,4,rw---,libnss_resolve.so.2
342,00007f2e0895c000,8,8,0,r----,libcap.so.2.48
343,00007f2e0895e000,16,8,0,r-x--,libcap.so.2.48
344,00007f2e08962000,8,0,0,r----,libcap.so.2.48
345,00007f2e08964000,4,4,4,r----,libcap.so.2.48
346,00007f2e08965000,4,4,4,rw---,libcap.so.2.48
347,00007f2e08966000,20,20,0,r----,libnss_myhostname.so.2
348,00007f2e0896b000,76,72,0,r-x--,libnss_myhostname.so.2
349,00007f2e0897e000,48,16,0,r----,libnss_myhostname.so.2
350,00007f2e0898a000,20,20,20,r----,libnss_myhostname.so.2
351,00007f2e0898f000,4,4,4,rw---,libnss_myhostname.so.2
352,00007f2e08990000,4,0,0,-----,[ anon ]
353,00007f2e08991000,16,0,0,-----,[ anon ]
354,00007f2e08995000,1008,108,108,rw---,[ anon ]
355,00007f2e08a91000,4,0,0,-----,[ anon ]
356,00007f2e08a92000,16,0,0,-----,[ anon ]
357,00007f2e08a96000,1008,108,108,rw---,[ anon ]
358,00007f2e08b92000,4,0,0,-----,[ anon ]
359,00007f2e08b93000,16,0,0,-----,[ anon ]
360,00007f2e08b97000,1008,96,96,rw---,[ anon ]
361,00007f2e08c93000,4,0,0,-----,[ anon ]
362,00007f2e08c94000,1024,16,16,rw---,[ anon ]
363,00007f2e08d94000,4,0,0,-----,[ anon ]
364,00007f2e08d95000,1024,16,16,rw---,[ anon ]
365,00007f2e08e95000,4,0,0,-----,[ anon ]
366,00007f2e08e96000,1024,16,16,rw---,[ anon ]
367,00007f2e08f96000,4,0,0,-----,[ anon ]
368,00007f2e08f97000,16,0,0,-----,[ anon ]
369,00007f2e08f9b000,1008,88,88,rw---,[ anon ]
370,00007f2e09097000,4,0,0,-----,[ anon ]
371,00007f2e09098000,16,0,0,-----,[ anon ]
372,00007f2e0909c000,1008,88,88,rw---,[ anon ]
373,00007f2e09198000,4,0,0,-----,[ anon ]
374,00007f2e09199000,16,0,0,-----,[ anon ]
375,00007f2e0919d000,1008,92,92,rw---,[ anon ]
376,00007f2e09299000,4,4,0,r----,libextnet.so
377,00007f2e0929a000,4,4,0,r-x--,libextnet.so
378,00007f2e0929b000,4,0,0,r----,libextnet.so
379,00007f2e0929c000,4,4,4,r----,libextnet.so
380,00007f2e0929d000,4,4,4,rw---,libextnet.so
381,00007f2e0929e000,4,0,0,-----,[ anon ]
382,00007f2e0929f000,16,0,0,-----,[ anon ]
383,00007f2e092a3000,1008,136,136,rw---,[ anon ]
384,00007f2e0939f000,8,8,0,r----,libmanagement_ext.so
385,00007f2e093a1000,12,12,0,r-x--,libmanagement_ext.so
386,00007f2e093a4000,4,4,0,r----,libmanagement_ext.so
387,00007f2e093a5000,4,4,4,r----,libmanagement_ext.so
388,00007f2e093a6000,4,4,4,rw---,libmanagement_ext.so
389,00007f2e093a7000,48,48,0,r----,libnspr4.so
390,00007f2e093b3000,148,8,0,r-x--,libnspr4.so
391,00007f2e093d8000,44,0,0,r----,libnspr4.so
392,00007f2e093e3000,8,0,0,r----,libnspr4.so
393,00007f2e093e5000,4,0,0,rw---,libnspr4.so
394,00007f2e093e6000,12,0,0,rw---,[ anon ]
395,00007f2e093e9000,4,4,0,r----,libplds4.so
396,00007f2e093ea000,4,4,0,r-x--,libplds4.so
397,00007f2e093eb000,4,0,0,r----,libplds4.so
398,00007f2e093ec000,4,0,0,r----,libplds4.so
399,00007f2e093ed000,4,0,0,rw---,libplds4.so
400,00007f2e093ee000,8,8,0,r----,libplc4.so
401,00007f2e093f0000,8,4,0,r-x--,libplc4.so
402,00007f2e093f2000,4,0,0,r----,libplc4.so
403,00007f2e093f3000,4,0,0,r----,libplc4.so
404,00007f2e093f4000,4,0,0,rw---,libplc4.so
405,00007f2e093f5000,52,52,0,r----,libnssutil3.so
406,00007f2e09402000,72,8,0,r-x--,libnssutil3.so
407,00007f2e09414000,48,0,0,r----,libnssutil3.so
408,00007f2e09420000,28,0,0,r----,libnssutil3.so
409,00007f2e09427000,4,0,0,rw---,libnssutil3.so
410,00007f2e09428000,104,104,0,r----,libnss3.so
411,00007f2e09442000,896,24,0,r-x--,libnss3.so
412,00007f2e09522000,232,8,0,r----,libnss3.so
413,00007f2e0955c000,24,0,0,r----,libnss3.so
414,00007f2e09562000,12,0,0,rw---,libnss3.so
415,00007f2e09565000,4,0,0,rw---,[ anon ]
416,00007f2e09566000,4,4,0,r----,libsystemconf.so
417,00007f2e09567000,4,4,0,r-x--,libsystemconf.so
418,00007f2e09568000,4,4,0,r----,libsystemconf.so
419,00007f2e09569000,4,0,0,r----,libsystemconf.so
420,00007f2e0956a000,4,0,0,rw---,libsystemconf.so
421,00007f2e0956b000,8,8,0,r----,libmanagement.so
422,00007f2e0956d000,4,4,0,r-x--,libmanagement.so
423,00007f2e0956e000,4,4,0,r----,libmanagement.so
424,00007f2e0956f000,4,0,0,r----,libmanagement.so
425,00007f2e09570000,4,4,4,rw---,libmanagement.so
426,00007f2e09571000,12,12,0,r----,libnet.so
427,00007f2e09574000,32,28,0,r-x--,libnet.so
428,00007f2e0957c000,8,4,0,r----,libnet.so
429,00007f2e0957e000,4,4,4,r----,libnet.so
430,00007f2e0957f000,4,4,4,rw---,libnet.so
431,00007f2e09580000,4,0,0,-----,[ anon ]
432,00007f2e09581000,16,0,0,-----,[ anon ]
433,00007f2e09585000,1008,36,36,rw---,[ anon ]
434,00007f2e09681000,4,0,0,-----,[ anon ]
435,00007f2e09682000,16,0,0,-----,[ anon ]
436,00007f2e09686000,1008,112,112,rw---,[ anon ]
437,00007f2e09782000,4,0,0,-----,[ anon ]
438,00007f2e09783000,16,0,0,-----,[ anon ]
439,00007f2e09787000,1008,48,48,rw---,[ anon ]
440,00007f2e09883000,4,0,0,-----,[ anon ]
441,00007f2e09884000,16,0,0,-----,[ anon ]
442,00007f2e09888000,1008,68,68,rw---,[ anon ]
443,00007f2e09984000,4,0,0,-----,[ anon ]
444,00007f2e09985000,16,0,0,-----,[ anon ]
445,00007f2e09989000,1008,8,8,rw---,[ anon ]
446,00007f2e09a85000,4,0,0,-----,[ anon ]
447,00007f2e09a86000,16,0,0,-----,[ anon ]
448,00007f2e09a8a000,1008,8,8,rw---,[ anon ]
449,00007f2e09b86000,4,0,0,-----,[ anon ]
450,00007f2e09b87000,16,0,0,-----,[ anon ]
451,00007f2e09b8b000,1008,84,84,rw---,[ anon ]
452,00007f2e09c87000,4,0,0,-----,[ anon ]
453,00007f2e09c88000,16,0,0,-----,[ anon ]
454,00007f2e09c8c000,1008,4,4,rw---,[ anon ]
455,00007f2e09d88000,2528,12,0,r----,LC_COLLATE
456,00007f2e0a000000,32768,0,0,rw---,[ anon ]
457,00007f2e0c000000,7520,6196,6196,rw---,[ anon ]
458,00007f2e0c758000,58016,0,0,-----,[ anon ]
459,00007f2e10000000,7816,6028,6028,rw---,[ anon ]
460,00007f2e107a2000,57720,0,0,-----,[ anon ]
461,00007f2e14000000,4920,4468,4468,rw---,[ anon ]
462,00007f2e144ce000,60616,0,0,-----,[ anon ]
463,00007f2e18004000,8,8,0,r----,libzip.so
464,00007f2e18006000,16,8,0,r-x--,libzip.so
465,00007f2e1800a000,8,4,0,r----,libzip.so
466,00007f2e1800c000,4,4,4,r----,libzip.so
467,00007f2e1800d000,4,0,0,rw---,libzip.so
468,00007f2e1800e000,28,28,0,r----,libnio.so
469,00007f2e18015000,36,36,0,r-x--,libnio.so
470,00007f2e1801e000,16,8,0,r----,libnio.so
471,00007f2e18022000,4,4,4,r----,libnio.so
472,00007f2e18023000,4,4,4,rw---,libnio.so
473,00007f2e18024000,20,20,0,r----,libjsvml.so
474,00007f2e18029000,260,4,0,r-x--,libjsvml.so
475,00007f2e1806a000,548,0,0,r----,libjsvml.so
476,00007f2e180f3000,4,0,0,r----,libjsvml.so
477,00007f2e180f4000,4,0,0,rw---,libjsvml.so
478,00007f2e180f5000,4,0,0,-----,[ anon ]
479,00007f2e180f6000,16,0,0,-----,[ anon ]
480,00007f2e180fa000,1008,44,44,rw---,[ anon ]
481,00007f2e181f6000,348,20,0,r----,LC_CTYPE
482,00007f2e1824d000,4,0,0,-----,[ anon ]
483,00007f2e1824e000,1024,20,20,rw---,[ anon ]
484,00007f2e1834e000,4,0,0,-----,[ anon ]
485,00007f2e1834f000,1540,524,524,rw---,[ anon ]
486,00007f2e184d0000,4,0,0,-----,[ anon ]
487,00007f2e184d1000,1024,8,8,rw---,[ anon ]
488,00007f2e185d1000,40960,40960,40960,rwx--,[ anon ]
489,00007f2e1add1000,79068,0,0,-----,[ anon ]
490,00007f2e1fb08000,2496,1456,1456,rwx--,[ anon ]
491,00007f2e1fd78000,3204,0,0,-----,[ anon ]
492,00007f2e20099000,26496,26444,26444,rwx--,[ anon ]
493,00007f2e21a79000,93536,0,0,-----,[ anon ]
494,00007f2e275d1000,141500,2004,0,r--s-,modules
495,00007f2e30000000,65536,48864,48864,rw---,[ anon ]
496,00007f2e34003000,4,4,0,r----,LC_NUMERIC
497,00007f2e34004000,4,4,0,r----,LC_TIME
498,00007f2e34005000,4,4,0,r----,LC_MONETARY
499,00007f2e34006000,4,4,0,r----,SYS_LC_MESSAGES
500,00007f2e34007000,4,4,0,r----,LC_PAPER
501,00007f2e34008000,4,4,0,r----,LC_NAME
502,00007f2e34009000,4,4,0,r----,LC_ADDRESS
503,00007f2e3400a000,4,4,0,r----,LC_TELEPHONE
504,00007f2e3400b000,4,4,0,r----,LC_MEASUREMENT
505,00007f2e3400c000,4,4,0,r--s-,gconv-modules.cache
506,00007f2e3400d000,4,4,0,r----,LC_IDENTIFICATION
507,00007f2e3400e000,364,360,360,rw---,[ anon ]
508,00007f2e340aa000,4,0,0,-----,[ anon ]
509,00007f2e340ab000,5136,48,48,rw---,[ anon ]
510,00007f2e345af000,4,0,0,-----,[ anon ]
511,00007f2e345b0000,1024,16,16,rw---,[ anon ]
512,00007f2e346b0000,4,0,0,-----,[ anon ]
513,00007f2e346b1000,1024,8,8,rw---,[ anon ]
514,00007f2e347b1000,4,0,0,-----,[ anon ]
515,00007f2e347b2000,5412,4396,4396,rw---,[ anon ]
516,00007f2e34cfb000,1584,0,0,-----,[ anon ]
517,00007f2e34e87000,768,768,768,rw---,[ anon ]
518,00007f2e34f47000,196,0,0,-----,[ anon ]
519,00007f2e34f78000,572,244,244,rw---,[ anon ]
520,00007f2e35007000,196,0,0,-----,[ anon ]
521,00007f2e35038000,4348,1848,1848,rw---,[ anon ]
522,00007f2e35477000,732,0,0,-----,[ anon ]
523,00007f2e3552e000,320,320,320,rw---,[ anon ]
524,00007f2e3557e000,620,0,0,-----,[ anon ]
525,00007f2e35619000,20,20,20,rw---,[ anon ]
526,00007f2e3561e000,28,0,0,-----,[ anon ]
527,00007f2e35625000,52,52,0,r----,libjava.so
528,00007f2e35632000,56,56,0,r-x--,libjava.so
529,00007f2e35640000,20,8,0,r----,libjava.so
530,00007f2e35645000,4,4,4,r----,libjava.so
531,00007f2e35646000,4,4,4,rw---,libjava.so
532,00007f2e35647000,4,4,4,rw---,[ anon ]
533,00007f2e35648000,32,32,12,rw-s-,11
534,00007f2e35650000,8,8,0,r----,libjimage.so
535,00007f2e35652000,12,12,0,r-x--,libjimage.so
536,00007f2e35655000,4,4,0,r----,libjimage.so
537,00007f2e35656000,4,4,4,r----,libjimage.so
538,00007f2e35657000,4,4,4,rw---,libjimage.so
539,00007f2e35658000,16,0,0,-----,[ anon ]
540,00007f2e3565c000,1008,72,72,rw---,[ anon ]
541,00007f2e35758000,12,12,0,r----,libgcc_s-13-20250418.so.1
542,00007f2e3575b000,112,8,0,r-x--,libgcc_s-13-20250418.so.1
543,00007f2e35777000,16,4,0,r----,libgcc_s-13-20250418.so.1
544,00007f2e3577b000,4,0,0,r----,libgcc_s-13-20250418.so.1
545,00007f2e3577c000,4,0,0,rw---,libgcc_s-13-20250418.so.1
546,00007f2e3577d000,64,60,0,r----,libm.so.6
547,00007f2e3578d000,476,72,0,r-x--,libm.so.6
548,00007f2e35804000,360,8,0,r----,libm.so.6
549,00007f2e3585e000,4,0,0,r----,libm.so.6
550,00007f2e3585f000,4,0,0,rw---,libm.so.6
551,00007f2e35860000,624,604,0,r----,libstdc++.so.6.0.32
552,00007f2e358fc000,1192,136,0,r-x--,libstdc++.so.6.0.32
553,00007f2e35a26000,496,20,0,r----,libstdc++.so.6.0.32
554,00007f2e35aa2000,52,0,0,r----,libstdc++.so.6.0.32
555,00007f2e35aaf000,4,0,0,rw---,libstdc++.so.6.0.32
556,00007f2e35ab0000,16,0,0,rw---,[ anon ]
557,00007f2e35ab4000,2696,2696,0,r----,libjvm.so
558,00007f2e35d56000,14668,9312,0,r-x--,libjvm.so
559,00007f2e36ba9000,2920,768,0,r----,libjvm.so
560,00007f2e36e83000,848,592,584,r----,libjvm.so
561,00007f2e36f57000,192,80,80,rw---,libjvm.so
562,00007f2e36f87000,416,236,236,rw---,[ anon ]
563,00007f2e36fef000,152,140,0,r----,libc.so.6
564,00007f2e37015000,1372,656,0,r-x--,libc.so.6
565,00007f2e3716c000,332,92,0,r----,libc.so.6
566,00007f2e371bf000,16,12,12,r----,libc.so.6
567,00007f2e371c3000,8,8,8,rw---,libc.so.6
568,00007f2e371c5000,32,16,16,rw---,[ anon ]
569,00007f2e371cd000,8,8,0,r----,libjli.so
570,00007f2e371cf000,40,40,0,r-x--,libjli.so
571,00007f2e371d9000,12,8,0,r----,libjli.so
572,00007f2e371dc000,4,0,0,r----,libjli.so
573,00007f2e371dd000,4,0,0,rw---,libjli.so
574,00007f2e371de000,12,12,0,r----,libz.so.1.3.1.zlib-ng
575,00007f2e371e1000,88,64,0,r-x--,libz.so.1.3.1.zlib-ng
576,00007f2e371f7000,36,16,0,r----,libz.so.1.3.1.zlib-ng
577,00007f2e37200000,4,4,4,r----,libz.so.1.3.1.zlib-ng
578,00007f2e37201000,4,4,4,rw---,libz.so.1.3.1.zlib-ng
579,00007f2e37202000,4,0,0,-----,[ anon ]
580,00007f2e37203000,4,0,0,r----,[ anon ]
581,00007f2e37204000,4,0,0,-----,[ anon ]
582,00007f2e37205000,8,8,8,rw---,[ anon ]
583,00007f2e37207000,4,4,0,r----,ld-linux-x86-64.so.2
584,00007f2e37208000,156,148,0,r-x--,ld-linux-x86-64.so.2
585,00007f2e3722f000,40,20,0,r----,ld-linux-x86-64.so.2
586,00007f2e37239000,8,4,4,r----,ld-linux-x86-64.so.2
587,00007f2e3723b000,8,8,8,rw---,ld-linux-x86-64.so.2
588,00007ffecda97000,132,4,0,rw---,[ stack ]
589,00007ffecdb0c000,8,4,0,r-x--,[ anon ]
590,ffffffffff600000,4,0,0,r-x--,[ anon ]
